<?xml version="1.0" encoding="UTF-8"?>
<GenRun Id="impl_1" LaunchPart="xc7a50tfgg484-1" LaunchTime="1745270907">
  <File Type="ROUTE-PWR" Name="MimasA7_SLI_power_routed.rpt"/>
  <File Type="PA-TCL" Name="MimasA7_SLI.tcl"/>
  <File Type="ROUTE-PWR-SUM" Name="MimasA7_SLI_power_summary_routed.pb"/>
  <File Type="REPORTS-TCL" Name="MimasA7_SLI_reports.tcl"/>
  <File Type="OPT-RQA-PB" Name="MimasA7_SLI_rqa_opted.pb"/>
  <File Type="BITSTR-MMI" Name="MimasA7_SLI.mmi"/>
  <File Type="OPT-METHODOLOGY-DRC" Name="MimasA7_SLI_methodology_drc_opted.rpt"/>
  <File Type="INIT-TIMING" Name="MimasA7_SLI_timing_summary_init.rpt"/>
  <File Type="OPT-TIMING" Name="MimasA7_SLI_timing_summary_opted.rpt"/>
  <File Type="OPT-DCP" Name="MimasA7_SLI_opt.dcp"/>
  <File Type="OPT-DRC" Name="MimasA7_SLI_drc_opted.rpt"/>
  <File Type="OPT-HWDEF" Name="MimasA7_SLI.hwdef"/>
  <File Type="PWROPT-DCP" Name="MimasA7_SLI_pwropt.dcp"/>
  <File Type="PWROPT-DRC" Name="MimasA7_SLI_drc_pwropted.rpt"/>
  <File Type="PWROPT-TIMING" Name="MimasA7_SLI_timing_summary_pwropted.rpt"/>
  <File Type="PLACE-DCP" Name="MimasA7_SLI_placed.dcp"/>
  <File Type="PLACE-IO" Name="MimasA7_SLI_io_placed.rpt"/>
  <File Type="PLACE-CLK" Name="MimasA7_SLI_clock_utilization_placed.rpt"/>
  <File Type="PLACE-UTIL" Name="MimasA7_SLI_utilization_placed.rpt"/>
  <File Type="PLACE-UTIL-PB" Name="MimasA7_SLI_utilization_placed.pb"/>
  <File Type="PLACE-CTRL" Name="MimasA7_SLI_control_sets_placed.rpt"/>
  <File Type="PLACE-SIMILARITY" Name="MimasA7_SLI_incremental_reuse_placed.rpt"/>
  <File Type="PLACE-PRE-SIMILARITY" Name="MimasA7_SLI_incremental_reuse_pre_placed.rpt"/>
  <File Type="BG-BIN" Name="MimasA7_SLI.bin"/>
  <File Type="PLACE-TIMING" Name="MimasA7_SLI_timing_summary_placed.rpt"/>
  <File Type="ROUTE-PWR-RPX" Name="MimasA7_SLI_power_routed.rpx"/>
  <File Type="PLACE-RQA-PB" Name="MimasA7_SLI_rqa_placed.pb"/>
  <File Type="POSTPLACE-PWROPT-DCP" Name="MimasA7_SLI_postplace_pwropt.dcp"/>
  <File Type="BITSTR-MSK" Name="MimasA7_SLI.msk"/>
  <File Type="POSTPLACE-PWROPT-TIMING" Name="MimasA7_SLI_timing_summary_postplace_pwropted.rpt"/>
  <File Type="PHYSOPT-DCP" Name="MimasA7_SLI_physopt.dcp"/>
  <File Type="PHYSOPT-DRC" Name="MimasA7_SLI_drc_physopted.rpt"/>
  <File Type="BITSTR-RBT" Name="MimasA7_SLI.rbt"/>
  <File Type="PHYSOPT-TIMING" Name="MimasA7_SLI_timing_summary_physopted.rpt"/>
  <File Type="ROUTE-ERROR-DCP" Name="MimasA7_SLI_routed_error.dcp"/>
  <File Type="ROUTE-DCP" Name="MimasA7_SLI_routed.dcp"/>
  <File Type="ROUTE-BLACKBOX-DCP" Name="MimasA7_SLI_routed_bb.dcp"/>
  <File Type="ROUTE-DRC" Name="MimasA7_SLI_drc_routed.rpt"/>
  <File Type="ROUTE-DRC-PB" Name="MimasA7_SLI_drc_routed.pb"/>
  <File Type="ROUTE-DRC-RPX" Name="MimasA7_SLI_drc_routed.rpx"/>
  <File Type="ROUTE-METHODOLOGY-DRC" Name="MimasA7_SLI_methodology_drc_routed.rpt"/>
  <File Type="ROUTE-METHODOLOGY-DRC-RPX" Name="MimasA7_SLI_methodology_drc_routed.rpx"/>
  <File Type="ROUTE-METHODOLOGY-DRC-PB" Name="MimasA7_SLI_methodology_drc_routed.pb"/>
  <File Type="ROUTE-RQS-PB" Name="MimasA7_SLI_rqs_routed.pb"/>
  <File Type="ROUTE-STATUS" Name="MimasA7_SLI_route_status.rpt"/>
  <File Type="ROUTE-STATUS-PB" Name="MimasA7_SLI_route_status.pb"/>
  <File Type="ROUTE-TIMINGSUMMARY" Name="MimasA7_SLI_timing_summary_routed.rpt"/>
  <File Type="ROUTE-TIMING-PB" Name="MimasA7_SLI_timing_summary_routed.pb"/>
  <File Type="ROUTE-TIMING-RPX" Name="MimasA7_SLI_timing_summary_routed.rpx"/>
  <File Type="ROUTE-SIMILARITY" Name="MimasA7_SLI_incremental_reuse_routed.rpt"/>
  <File Type="ROUTE-CLK" Name="MimasA7_SLI_clock_utilization_routed.rpt"/>
  <File Type="ROUTE-BUS-SKEW" Name="MimasA7_SLI_bus_skew_routed.rpt"/>
  <File Type="ROUTE-BUS-SKEW-PB" Name="MimasA7_SLI_bus_skew_routed.pb"/>
  <File Type="ROUTE-BUS-SKEW-RPX" Name="MimasA7_SLI_bus_skew_routed.rpx"/>
  <File Type="POSTROUTE-PHYSOPT-DCP" Name="MimasA7_SLI_postroute_physopt.dcp"/>
  <File Type="POSTROUTE-PHYSOPT-BLACKBOX-DCP" Name="MimasA7_SLI_postroute_physopt_bb.dcp"/>
  <File Type="POSTROUTE-PHYSOPT-TIMING" Name="MimasA7_SLI_timing_summary_postroute_physopted.rpt"/>
  <File Type="POSTROUTE-PHYSOPT-TIMING-PB" Name="MimasA7_SLI_timing_summary_postroute_physopted.pb"/>
  <File Type="POSTROUTE-PHYSOPT-TIMING-RPX" Name="MimasA7_SLI_timing_summary_postroute_physopted.rpx"/>
  <File Type="POSTROUTE-PHYSOPT-BUS-SKEW" Name="MimasA7_SLI_bus_skew_postroute_physopted.rpt"/>
  <File Type="BG-BIT" Name="MimasA7_SLI.bit"/>
  <File Type="POSTROUTE-PHYSOPT-BUS-SKEW-PB" Name="MimasA7_SLI_bus_skew_postroute_physopted.pb"/>
  <File Type="POSTROUTE-PHYSOPT-BUS-SKEW-RPX" Name="MimasA7_SLI_bus_skew_postroute_physopted.rpx"/>
  <File Type="BITSTR-NKY" Name="MimasA7_SLI.nky"/>
  <File Type="BITSTR-BMM" Name="MimasA7_SLI_bd.bmm"/>
  <File Type="PDI-FILE" Name="MimasA7_SLI.pdi"/>
  <File Type="BOOT-PDI-FILE" Name="MimasA7_SLI_boot.pdi"/>
  <File Type="PL-PDI-FILE" Name="MimasA7_SLI_pld.pdi"/>
  <File Type="RCFI_FILE" Name="MimasA7_SLI.rcfi"/>
  <File Type="CFI_FILE" Name="MimasA7_SLI.cfi"/>
  <File Type="RNPI_FILE" Name="MimasA7_SLI.rnpi"/>
  <File Type="NPI_FILE" Name="MimasA7_SLI.npi"/>
  <File Type="RBD_FILE" Name="MimasA7_SLI.rbd"/>
  <File Type="BITSTR-LTX" Name="debug_nets.ltx"/>
  <File Type="BITSTR-LTX" Name="MimasA7_SLI.ltx"/>
  <File Type="BITSTR-SYSDEF" Name="MimasA7_SLI.sysdef"/>
  <File Type="BG-BGN" Name="MimasA7_SLI.bgn"/>
  <File Type="BG-DRC" Name="MimasA7_SLI.drc"/>
  <File Type="RDI-RDI" Name="MimasA7_SLI.vdi"/>
  <File Type="WBT-USG" Name="usage_statistics_webtalk.html"/>
  <File Type="ROUTE-RQS" Name="MimasA7_SLI_routed.rqs"/>
  <File Type="POSTROUTE-PHYSOPT-RQS" Name="MimasA7_SLI_postroute_physopted.rqs"/>
  <File Type="ROUTE-RQS-RPT" Name="route_report_qor_suggestions_0.rpt"/>
  <File Type="POSTROUTE-PHYSOPT-RQS-RPT" Name="postroute_physopt_report_qor_suggestions_0.rpt"/>
  <FileSet Name="sources" Type="DesignSrcs" RelSrcDir="$PSRCDIR/sources_1" RelGenDir="$PGENDIR/sources_1">
    <Filter Type="Srcs"/>
    <File Path="$PSRCDIR/sources_1/imports/RTL/clk_selector.v">
      <FileInfo>
        <Attr Name="ImportPath" Val="D:/Documents/temp/RTL/clk_selector.v"/>
        <Attr Name="ImportTime" Val="1743976755"/>
        <Attr Name="UsedIn" Val="synthesis"/>
        <Attr Name="UsedIn" Val="implementation"/>
        <Attr Name="UsedIn" Val="simulation"/>
      </FileInfo>
    </File>
    <File Path="$PSRCDIR/sources_1/imports/RTL/delay1Bit.v">
      <FileInfo>
        <Attr Name="ImportPath" Val="D:/Documents/temp/RTL/delay1Bit.v"/>
        <Attr Name="ImportTime" Val="1742035710"/>
        <Attr Name="UsedIn" Val="synthesis"/>
        <Attr Name="UsedIn" Val="implementation"/>
        <Attr Name="UsedIn" Val="simulation"/>
      </FileInfo>
    </File>
    <File Path="$PSRCDIR/sources_1/imports/RTL/pixel_pipe.v">
      <FileInfo>
        <Attr Name="ImportPath" Val="D:/Documents/temp/RTL/pixel_pipe.v"/>
        <Attr Name="ImportTime" Val="1744435759"/>
        <Attr Name="UsedIn" Val="synthesis"/>
        <Attr Name="UsedIn" Val="implementation"/>
        <Attr Name="UsedIn" Val="simulation"/>
      </FileInfo>
    </File>
    <File Path="$PSRCDIR/sources_1/imports/RTL/sd_spi_file_reader.v">
      <FileInfo>
        <Attr Name="ImportPath" Val="D:/Documents/temp/RTL/sd_spi_file_reader.v"/>
        <Attr Name="ImportTime" Val="1736129822"/>
        <Attr Name="UsedIn" Val="synthesis"/>
        <Attr Name="UsedIn" Val="implementation"/>
        <Attr Name="UsedIn" Val="simulation"/>
      </FileInfo>
    </File>
    <File Path="$PSRCDIR/sources_1/imports/RTL/sd_spi_sector_reader.v">
      <FileInfo>
        <Attr Name="ImportPath" Val="D:/Documents/temp/RTL/sd_spi_sector_reader.v"/>
        <Attr Name="ImportTime" Val="1736056324"/>
        <Attr Name="UsedIn" Val="synthesis"/>
        <Attr Name="UsedIn" Val="implementation"/>
        <Attr Name="UsedIn" Val="simulation"/>
      </FileInfo>
    </File>
    <File Path="$PSRCDIR/sources_1/imports/RTL/spi_session.v">
      <FileInfo>
        <Attr Name="ImportPath" Val="D:/Documents/temp/RTL/spi_session.v"/>
        <Attr Name="ImportTime" Val="1735861044"/>
        <Attr Name="UsedIn" Val="synthesis"/>
        <Attr Name="UsedIn" Val="implementation"/>
        <Attr Name="UsedIn" Val="simulation"/>
      </FileInfo>
    </File>
    <File Path="$PSRCDIR/sources_1/imports/RTL/alignment_detect.vhd">
      <FileInfo>
        <Attr Name="ImportPath" Val="D:/Documents/temp/RTL/alignment_detect.vhd"/>
        <Attr Name="ImportTime" Val="1744517127"/>
        <Attr Name="UsedIn" Val="synthesis"/>
        <Attr Name="UsedIn" Val="simulation"/>
      </FileInfo>
    </File>
    <File Path="$PSRCDIR/sources_1/imports/RTL/deserialiser_1_to_10.vhd">
      <FileInfo>
        <Attr Name="ImportPath" Val="D:/Documents/temp/RTL/deserialiser_1_to_10.vhd"/>
        <Attr Name="ImportTime" Val="1744500121"/>
        <Attr Name="UsedIn" Val="synthesis"/>
        <Attr Name="UsedIn" Val="simulation"/>
      </FileInfo>
    </File>
    <File Path="$PSRCDIR/sources_1/imports/RTL/dvid_output.vhd">
      <FileInfo>
        <Attr Name="ImportPath" Val="D:/Documents/temp/RTL/dvid_output.vhd"/>
        <Attr Name="ImportTime" Val="1744483746"/>
        <Attr Name="UsedIn" Val="synthesis"/>
        <Attr Name="UsedIn" Val="simulation"/>
      </FileInfo>
    </File>
    <File Path="$PSRCDIR/sources_1/imports/RTL/edid_rom.vhd">
      <FileInfo>
        <Attr Name="ImportPath" Val="D:/Documents/temp/RTL/edid_rom.vhd"/>
        <Attr Name="ImportTime" Val="1744450322"/>
        <Attr Name="UsedIn" Val="synthesis"/>
        <Attr Name="UsedIn" Val="simulation"/>
      </FileInfo>
    </File>
    <File Path="$PSRCDIR/sources_1/imports/RTL/hdmi_input.vhd">
      <FileInfo>
        <Attr Name="ImportPath" Val="D:/Documents/temp/RTL/hdmi_input.vhd"/>
        <Attr Name="ImportTime" Val="1744566592"/>
        <Attr Name="UsedIn" Val="synthesis"/>
        <Attr Name="UsedIn" Val="simulation"/>
      </FileInfo>
    </File>
    <File Path="$PSRCDIR/sources_1/imports/RTL/hdmi_io.vhd">
      <FileInfo>
        <Attr Name="ImportPath" Val="D:/Documents/temp/RTL/hdmi_io.vhd"/>
        <Attr Name="ImportTime" Val="1743976699"/>
        <Attr Name="UsedIn" Val="synthesis"/>
        <Attr Name="UsedIn" Val="simulation"/>
      </FileInfo>
    </File>
    <File Path="$PSRCDIR/sources_1/imports/RTL/input_channel.vhd">
      <FileInfo>
        <Attr Name="ImportPath" Val="D:/Documents/temp/RTL/input_channel.vhd"/>
        <Attr Name="ImportTime" Val="1744520937"/>
        <Attr Name="UsedIn" Val="synthesis"/>
        <Attr Name="UsedIn" Val="simulation"/>
      </FileInfo>
    </File>
    <File Path="$PSRCDIR/sources_1/imports/RTL/serialiser_10_to_1.vhd">
      <FileInfo>
        <Attr Name="ImportPath" Val="D:/Documents/temp/RTL/serialiser_10_to_1.vhd"/>
        <Attr Name="ImportTime" Val="1734059030"/>
        <Attr Name="UsedIn" Val="synthesis"/>
        <Attr Name="UsedIn" Val="simulation"/>
      </FileInfo>
    </File>
    <File Path="$PSRCDIR/sources_1/imports/RTL/tmds_decoder.vhd">
      <FileInfo>
        <Attr Name="ImportPath" Val="D:/Documents/temp/RTL/tmds_decoder.vhd"/>
        <Attr Name="ImportTime" Val="1734058618"/>
        <Attr Name="UsedIn" Val="synthesis"/>
        <Attr Name="UsedIn" Val="simulation"/>
      </FileInfo>
    </File>
    <File Path="$PSRCDIR/sources_1/imports/RTL/tmds_encoder.vhd">
      <FileInfo>
        <Attr Name="ImportPath" Val="D:/Documents/temp/RTL/tmds_encoder.vhd"/>
        <Attr Name="ImportTime" Val="1743975975"/>
        <Attr Name="UsedIn" Val="synthesis"/>
        <Attr Name="UsedIn" Val="simulation"/>
      </FileInfo>
    </File>
    <File Path="$PSRCDIR/sources_1/imports/RTL/vga.vhd">
      <FileInfo>
        <Attr Name="ImportPath" Val="D:/Documents/temp/RTL/vga.vhd"/>
        <Attr Name="ImportTime" Val="1743978001"/>
        <Attr Name="UsedIn" Val="synthesis"/>
        <Attr Name="UsedIn" Val="simulation"/>
      </FileInfo>
    </File>
    <File Path="$PSRCDIR/sources_1/imports/RTL/MimasA7_SLI.vhd">
      <FileInfo>
        <Attr Name="ImportPath" Val="D:/Documents/temp/RTL/MimasA7_SLI.vhd"/>
        <Attr Name="ImportTime" Val="1744654555"/>
        <Attr Name="UsedIn" Val="synthesis"/>
        <Attr Name="UsedIn" Val="simulation"/>
      </FileInfo>
    </File>
    <File Path="$PSRCDIR/sources_1/imports/RTL/LUT_V.coe">
      <FileInfo>
        <Attr Name="ImportPath" Val="D:/Documents/temp/RTL/LUT_V.coe"/>
        <Attr Name="ImportTime" Val="1743791070"/>
        <Attr Name="UsedIn" Val="synthesis"/>
        <Attr Name="UsedIn" Val="simulation"/>
      </FileInfo>
    </File>
    <File Path="$PSRCDIR/sources_1/imports/RTL/indexMapping.m">
      <FileInfo>
        <Attr Name="ImportPath" Val="D:/Documents/temp/RTL/indexMapping.m"/>
        <Attr Name="ImportTime" Val="1739303937"/>
      </FileInfo>
    </File>
    <File Path="$PSRCDIR/sources_1/imports/RTL/LUT.coe">
      <FileInfo>
        <Attr Name="ImportPath" Val="D:/Documents/temp/RTL/LUT.coe"/>
        <Attr Name="ImportTime" Val="1743791070"/>
        <Attr Name="UsedIn" Val="synthesis"/>
        <Attr Name="UsedIn" Val="simulation"/>
      </FileInfo>
    </File>
    <File Path="$PSRCDIR/sources_1/imports/RTL/LUT2coe.m">
      <FileInfo>
        <Attr Name="ImportPath" Val="D:/Documents/temp/RTL/LUT2coe.m"/>
        <Attr Name="ImportTime" Val="1741557180"/>
      </FileInfo>
    </File>
    <File Path="$PSRCDIR/sources_1/imports/RTL/indexMap.coe">
      <FileInfo>
        <Attr Name="ImportPath" Val="D:/Documents/temp/RTL/indexMap.coe"/>
        <Attr Name="ImportTime" Val="1739303933"/>
        <Attr Name="UsedIn" Val="synthesis"/>
        <Attr Name="UsedIn" Val="simulation"/>
      </FileInfo>
    </File>
    <File Path="$PSRCDIR/sources_1/imports/RTL/indexMapV.coe">
      <FileInfo>
        <Attr Name="ImportPath" Val="D:/Documents/temp/RTL/indexMapV.coe"/>
        <Attr Name="ImportTime" Val="1739303940"/>
        <Attr Name="UsedIn" Val="synthesis"/>
        <Attr Name="UsedIn" Val="simulation"/>
      </FileInfo>
    </File>
    <Config>
      <Option Name="DesignMode" Val="RTL"/>
      <Option Name="TopModule" Val="MimasA7_SLI"/>
      <Option Name="TopAutoSet" Val="TRUE"/>
    </Config>
  </FileSet>
  <FileSet Name="constrs_in" Type="Constrs" RelSrcDir="$PSRCDIR/constrs_1" RelGenDir="$PGENDIR/constrs_1">
    <Filter Type="Constrs"/>
    <File Path="$PSRCDIR/constrs_1/new/Rev3.xdc">
      <FileInfo>
        <Attr Name="UsedIn" Val="synthesis"/>
        <Attr Name="UsedIn" Val="implementation"/>
      </FileInfo>
    </File>
    <Config>
      <Option Name="ConstrsType" Val="XDC"/>
    </Config>
  </FileSet>
  <FileSet Name="utils" Type="Utils" RelSrcDir="$PSRCDIR/utils_1" RelGenDir="$PGENDIR/utils_1">
    <Filter Type="Utils"/>
    <File Path="$PSRCDIR/utils_1/imports/synth_1/MimasA7_SLI.dcp">
      <FileInfo>
        <Attr Name="UsedIn" Val="synthesis"/>
        <Attr Name="UsedIn" Val="implementation"/>
        <Attr Name="UsedInSteps" Val="synth_1"/>
        <Attr Name="AutoDcp" Val="1"/>
      </FileInfo>
    </File>
    <Config>
      <Option Name="TopAutoSet" Val="TRUE"/>
    </Config>
  </FileSet>
  <Strategy Version="1" Minor="2">
    <StratHandle Name="Vivado Implementation Defaults" Flow="Vivado Implementation 2024"/>
    <Step Id="init_design"/>
    <Step Id="opt_design"/>
    <Step Id="power_opt_design"/>
    <Step Id="place_design"/>
    <Step Id="post_place_power_opt_design"/>
    <Step Id="phys_opt_design"/>
    <Step Id="route_design"/>
    <Step Id="post_route_phys_opt_design"/>
    <Step Id="write_bitstream">
      <Option Id="BinFile">1</Option>
    </Step>
  </Strategy>
  <BlockFileSet Type="BlockSrcs" Name="ref_clk"/>
  <BlockFileSet Type="BlockSrcs" Name="indexMap"/>
  <BlockFileSet Type="BlockSrcs" Name="indexMapV"/>
</GenRun>
