<?xml version="1.0" encoding="UTF-8"?>
<GenRun Id="impl_1" LaunchPart="xc7a50tfgg484-1" LaunchTime="1739490495">
  <File Type="ROUTE-PWR" Name="SLI_CAM_power_routed.rpt"/>
  <File Type="PA-TCL" Name="SLI_CAM.tcl"/>
  <File Type="ROUTE-PWR-SUM" Name="SLI_CAM_power_summary_routed.pb"/>
  <File Type="REPORTS-TCL" Name="SLI_CAM_reports.tcl"/>
  <File Type="BITSTR-MSK" Name="SLI_CAM.msk"/>
  <File Type="ROUTE-CLK" Name="SLI_CAM_clock_utilization_routed.rpt"/>
  <File Type="RDI-RDI" Name="SLI_CAM.vdi"/>
  <File Type="POSTROUTE-PHYSOPT-BUS-SKEW-PB" Name="SLI_CAM_bus_skew_postroute_physopted.pb"/>
  <File Type="BG-BIT" Name="SLI_CAM.bit"/>
  <File Type="BG-DRC" Name="SLI_CAM.drc"/>
  <File Type="BG-BGN" Name="SLI_CAM.bgn"/>
  <File Type="BG-BIN" Name="SLI_CAM.bin"/>
  <File Type="BITSTR-RBT" Name="SLI_CAM.rbt"/>
  <File Type="BITSTR-NKY" Name="SLI_CAM.nky"/>
  <File Type="BITSTR-BMM" Name="SLI_CAM_bd.bmm"/>
  <File Type="BITSTR-MMI" Name="SLI_CAM.mmi"/>
  <File Type="ROUTE-METHODOLOGY-DRC" Name="SLI_CAM_methodology_drc_routed.rpt"/>
  <File Type="BITSTR-SYSDEF" Name="SLI_CAM.sysdef"/>
  <File Type="BITSTR-LTX" Name="debug_nets.ltx"/>
  <File Type="BITSTR-LTX" Name="SLI_CAM.ltx"/>
  <File Type="WBT-USG" Name="usage_statistics_webtalk.html"/>
  <File Type="OPT-DRC" Name="SLI_CAM_drc_opted.rpt"/>
  <File Type="OPT-HWDEF" Name="SLI_CAM.hwdef"/>
  <File Type="PLACE-IO" Name="SLI_CAM_io_placed.rpt"/>
  <File Type="PLACE-UTIL" Name="SLI_CAM_utilization_placed.rpt"/>
  <File Type="PLACE-UTIL-PB" Name="SLI_CAM_utilization_placed.pb"/>
  <File Type="PLACE-CTRL" Name="SLI_CAM_control_sets_placed.rpt"/>
  <File Type="PLACE-PRE-SIMILARITY" Name="SLI_CAM_incremental_reuse_pre_placed.rpt"/>
  <File Type="ROUTE-DRC" Name="SLI_CAM_drc_routed.rpt"/>
  <File Type="ROUTE-DRC-PB" Name="SLI_CAM_drc_routed.pb"/>
  <File Type="ROUTE-PWR-RPX" Name="SLI_CAM_power_routed.rpx"/>
  <File Type="ROUTE-STATUS" Name="SLI_CAM_route_status.rpt"/>
  <File Type="ROUTE-STATUS-PB" Name="SLI_CAM_route_status.pb"/>
  <File Type="ROUTE-DCP" Name="SLI_CAM_routed.dcp"/>
  <File Type="ROUTE-ERROR-DCP" Name="SLI_CAM_routed_error.dcp"/>
  <File Type="ROUTE-BLACKBOX-DCP" Name="SLI_CAM_routed_bb.dcp"/>
  <File Type="ROUTE-TIMINGSUMMARY" Name="SLI_CAM_timing_summary_routed.rpt"/>
  <File Type="ROUTE-TIMING-PB" Name="SLI_CAM_timing_summary_routed.pb"/>
  <File Type="ROUTE-TIMING-RPX" Name="SLI_CAM_timing_summary_routed.rpx"/>
  <File Type="ROUTE-SIMILARITY" Name="SLI_CAM_incremental_reuse_routed.rpt"/>
  <File Type="ROUTE-BUS-SKEW" Name="SLI_CAM_bus_skew_routed.rpt"/>
  <File Type="ROUTE-BUS-SKEW-PB" Name="SLI_CAM_bus_skew_routed.pb"/>
  <File Type="ROUTE-BUS-SKEW-RPX" Name="SLI_CAM_bus_skew_routed.rpx"/>
  <File Type="OPT-DCP" Name="SLI_CAM_opt.dcp"/>
  <File Type="PLACE-DCP" Name="SLI_CAM_placed.dcp"/>
  <File Type="PWROPT-DCP" Name="SLI_CAM_pwropt.dcp"/>
  <File Type="POSTPLACE-PWROPT-DCP" Name="SLI_CAM_postplace_pwropt.dcp"/>
  <File Type="PHYSOPT-DCP" Name="SLI_CAM_physopt.dcp"/>
  <File Type="POSTROUTE-PHYSOPT-DCP" Name="SLI_CAM_postroute_physopt.dcp"/>
  <File Type="POSTROUTE-PHYSOPT-BLACKBOX-DCP" Name="SLI_CAM_postroute_physopt_bb.dcp"/>
  <File Type="POSTROUTE-PHYSOPT-TIMING" Name="SLI_CAM_timing_summary_postroute_physopted.rpt"/>
  <File Type="POSTROUTE-PHYSOPT-TIMING-PB" Name="SLI_CAM_timing_summary_postroute_physopted.pb"/>
  <File Type="POSTROUTE-PHYSOPT-TIMING-RPX" Name="SLI_CAM_timing_summary_postroute_physopted.rpx"/>
  <File Type="POSTROUTE-PHYSOPT-BUS-SKEW" Name="SLI_CAM_bus_skew_postroute_physopted.rpt"/>
  <File Type="POSTROUTE-PHYSOPT-BUS-SKEW-RPX" Name="SLI_CAM_bus_skew_postroute_physopted.rpx"/>
  <File Type="ROUTE-METHODOLOGY-DRC-PB" Name="SLI_CAM_methodology_drc_routed.pb"/>
  <File Type="ROUTE-DRC-RPX" Name="SLI_CAM_drc_routed.rpx"/>
  <File Type="ROUTE-METHODOLOGY-DRC-RPX" Name="SLI_CAM_methodology_drc_routed.rpx"/>
  <File Type="PDI-FILE" Name="SLI_CAM.pdi"/>
  <File Type="BOOT-PDI-FILE" Name="SLI_CAM_boot.pdi"/>
  <File Type="PL-PDI-FILE" Name="SLI_CAM_pld.pdi"/>
  <File Type="RCFI_FILE" Name="SLI_CAM.rcfi"/>
  <File Type="CFI_FILE" Name="SLI_CAM.cfi"/>
  <File Type="RNPI_FILE" Name="SLI_CAM.rnpi"/>
  <File Type="NPI_FILE" Name="SLI_CAM.npi"/>
  <File Type="RBD_FILE" Name="SLI_CAM.rbd"/>
  <File Type="ROUTE-RQS" Name="SLI_CAM_routed.rqs"/>
  <File Type="POSTROUTE-PHYSOPT-RQS" Name="SLI_CAM_postroute_physopted.rqs"/>
  <File Type="ROUTE-RQS-RPT" Name="route_report_qor_suggestions_0.rpt"/>
  <File Type="POSTROUTE-PHYSOPT-RQS-RPT" Name="postroute_physopt_report_qor_suggestions_0.rpt"/>
  <FileSet Name="sources" Type="DesignSrcs" RelSrcDir="$PSRCDIR/sources_1" RelGenDir="$PGENDIR/sources_1">
    <Filter Type="Srcs"/>
    <File Path="$PSRCDIR/sources_1/ip/indexMap/indexMap.xci">
      <FileInfo>
        <Attr Name="ImportPath" Val="$PPRDIR/../../../../../../../../../../../../../../../../../../../Rev3_SD_HDMI/Rev3_SD_HDMI.srcs/sources_1/ip/indexMap/indexMap.xci"/>
        <Attr Name="ImportTime" Val="1736301596"/>
        <Attr Name="UsedIn" Val="synthesis"/>
        <Attr Name="UsedIn" Val="implementation"/>
        <Attr Name="UsedIn" Val="simulation"/>
      </FileInfo>
    </File>
    <File Path="$PSRCDIR/sources_1/new/clk_selector.v">
      <FileInfo>
        <Attr Name="UsedIn" Val="synthesis"/>
        <Attr Name="UsedIn" Val="implementation"/>
        <Attr Name="UsedIn" Val="simulation"/>
      </FileInfo>
    </File>
    <File Path="$PSRCDIR/sources_1/imports/New folder/delay1Bit.v">
      <FileInfo>
        <Attr Name="ImportPath" Val="D:/Pictures/New folder/delay1Bit.v"/>
        <Attr Name="ImportTime" Val="1733395861"/>
        <Attr Name="UsedIn" Val="synthesis"/>
        <Attr Name="UsedIn" Val="implementation"/>
        <Attr Name="UsedIn" Val="simulation"/>
      </FileInfo>
    </File>
    <File Path="$PSRCDIR/sources_1/imports/New folder/pixel_pipe.v">
      <FileInfo>
        <Attr Name="ImportPath" Val="D:/Pictures/New folder/pixel_pipe.v"/>
        <Attr Name="ImportTime" Val="1734132633"/>
        <Attr Name="UsedIn" Val="synthesis"/>
        <Attr Name="UsedIn" Val="implementation"/>
        <Attr Name="UsedIn" Val="simulation"/>
      </FileInfo>
    </File>
    <File Path="$PSRCDIR/sources_1/imports/RTL/sd_spi_file_reader.v">
      <FileInfo>
        <Attr Name="ImportPath" Val="D:/Documents/Strucure Light Project/Numato with SD/FPGA-SDcard-Reader-SPI-master/FPGA-SDcard-Reader-SPI-master/RTL/sd_spi_file_reader.v"/>
        <Attr Name="ImportTime" Val="1735861045"/>
        <Attr Name="UsedIn" Val="synthesis"/>
        <Attr Name="UsedIn" Val="implementation"/>
        <Attr Name="UsedIn" Val="simulation"/>
      </FileInfo>
    </File>
    <File Path="$PSRCDIR/sources_1/imports/RTL/sd_spi_sector_reader.v">
      <FileInfo>
        <Attr Name="ImportPath" Val="D:/Documents/Strucure Light Project/Numato with SD/FPGA-SDcard-Reader-SPI-master/FPGA-SDcard-Reader-SPI-master/RTL/sd_spi_sector_reader.v"/>
        <Attr Name="ImportTime" Val="1735861045"/>
        <Attr Name="UsedIn" Val="synthesis"/>
        <Attr Name="UsedIn" Val="implementation"/>
        <Attr Name="UsedIn" Val="simulation"/>
      </FileInfo>
    </File>
    <File Path="$PSRCDIR/sources_1/imports/RTL/spi_session.v">
      <FileInfo>
        <Attr Name="ImportPath" Val="D:/Documents/Strucure Light Project/Numato with SD/FPGA-SDcard-Reader-SPI-master/FPGA-SDcard-Reader-SPI-master/RTL/spi_session.v"/>
        <Attr Name="ImportTime" Val="1735861045"/>
        <Attr Name="UsedIn" Val="synthesis"/>
        <Attr Name="UsedIn" Val="implementation"/>
        <Attr Name="UsedIn" Val="simulation"/>
      </FileInfo>
    </File>
    <File Path="$PSRCDIR/sources_1/imports/New folder/alignment_detect.vhd">
      <FileInfo>
        <Attr Name="ImportPath" Val="D:/Pictures/New folder/alignment_detect.vhd"/>
        <Attr Name="ImportTime" Val="1734058524"/>
        <Attr Name="UsedIn" Val="synthesis"/>
        <Attr Name="UsedIn" Val="simulation"/>
      </FileInfo>
    </File>
    <File Path="$PSRCDIR/sources_1/imports/New folder/deserialiser_1_to_10.vhd">
      <FileInfo>
        <Attr Name="ImportPath" Val="D:/Pictures/New folder/deserialiser_1_to_10.vhd"/>
        <Attr Name="ImportTime" Val="1734058549"/>
        <Attr Name="UsedIn" Val="synthesis"/>
        <Attr Name="UsedIn" Val="simulation"/>
      </FileInfo>
    </File>
    <File Path="$PSRCDIR/sources_1/imports/New folder/dvid_output.vhd">
      <FileInfo>
        <Attr Name="ImportPath" Val="D:/Pictures/New folder/dvid_output.vhd"/>
        <Attr Name="ImportTime" Val="1734058661"/>
        <Attr Name="UsedIn" Val="synthesis"/>
        <Attr Name="UsedIn" Val="simulation"/>
      </FileInfo>
    </File>
    <File Path="$PSRCDIR/sources_1/imports/New folder/edid_rom.vhd">
      <FileInfo>
        <Attr Name="ImportPath" Val="D:/Pictures/New folder/edid_rom.vhd"/>
        <Attr Name="ImportTime" Val="1734058243"/>
        <Attr Name="UsedIn" Val="synthesis"/>
        <Attr Name="UsedIn" Val="simulation"/>
      </FileInfo>
    </File>
    <File Path="$PSRCDIR/sources_1/imports/New folder/hdmi_input.vhd">
      <FileInfo>
        <Attr Name="ImportPath" Val="D:/Pictures/New folder/hdmi_input.vhd"/>
        <Attr Name="ImportTime" Val="1734081681"/>
        <Attr Name="UsedIn" Val="synthesis"/>
        <Attr Name="UsedIn" Val="simulation"/>
      </FileInfo>
    </File>
    <File Path="$PSRCDIR/sources_1/imports/New folder/hdmi_io.vhd">
      <FileInfo>
        <Attr Name="ImportPath" Val="D:/Pictures/New folder/hdmi_io.vhd"/>
        <Attr Name="ImportTime" Val="1734058245"/>
        <Attr Name="UsedIn" Val="synthesis"/>
        <Attr Name="UsedIn" Val="simulation"/>
      </FileInfo>
    </File>
    <File Path="$PSRCDIR/sources_1/imports/New folder/input_channel.vhd">
      <FileInfo>
        <Attr Name="ImportPath" Val="D:/Pictures/New folder/input_channel.vhd"/>
        <Attr Name="ImportTime" Val="1733394568"/>
        <Attr Name="UsedIn" Val="synthesis"/>
        <Attr Name="UsedIn" Val="simulation"/>
      </FileInfo>
    </File>
    <File Path="$PSRCDIR/sources_1/imports/New folder/serialiser_10_to_1.vhd">
      <FileInfo>
        <Attr Name="ImportPath" Val="D:/Pictures/New folder/serialiser_10_to_1.vhd"/>
        <Attr Name="ImportTime" Val="1734059031"/>
        <Attr Name="UsedIn" Val="synthesis"/>
        <Attr Name="UsedIn" Val="simulation"/>
      </FileInfo>
    </File>
    <File Path="$PSRCDIR/sources_1/imports/New folder/tmds_decoder.vhd">
      <FileInfo>
        <Attr Name="ImportPath" Val="D:/Pictures/New folder/tmds_decoder.vhd"/>
        <Attr Name="ImportTime" Val="1734058619"/>
        <Attr Name="UsedIn" Val="synthesis"/>
        <Attr Name="UsedIn" Val="simulation"/>
      </FileInfo>
    </File>
    <File Path="$PSRCDIR/sources_1/imports/New folder/tmds_encoder.vhd">
      <FileInfo>
        <Attr Name="ImportPath" Val="D:/Pictures/New folder/tmds_encoder.vhd"/>
        <Attr Name="ImportTime" Val="1734058928"/>
        <Attr Name="UsedIn" Val="synthesis"/>
        <Attr Name="UsedIn" Val="simulation"/>
      </FileInfo>
    </File>
    <File Path="$PSRCDIR/sources_1/imports/New folder/SLI_CAM.vhd">
      <FileInfo>
        <Attr Name="ImportPath" Val="D:/Pictures/New folder/SLI_CAM.vhd"/>
        <Attr Name="ImportTime" Val="1736529418"/>
        <Attr Name="UsedIn" Val="synthesis"/>
        <Attr Name="UsedIn" Val="simulation"/>
      </FileInfo>
    </File>
    <File Path="$PSRCDIR/sources_1/imports/Rev3_SLI_CAM/archive_project_summary.txt">
      <FileInfo>
        <Attr Name="ImportPath" Val="$PPRDIR/../../../../../../../../../../Rev3_SLI_CAM/archive_project_summary.txt"/>
        <Attr Name="ImportTime" Val="1736484478"/>
      </FileInfo>
    </File>
    <File Path="$PSRCDIR/sources_1/imports/Downloads/SLI_LUT.m">
      <FileInfo>
        <Attr Name="ImportPath" Val="D:/Downloads/SLI_LUT.m"/>
        <Attr Name="ImportTime" Val="1739291579"/>
      </FileInfo>
    </File>
    <File Path="$PSRCDIR/sources_1/imports/Downloads/LUT.raw">
      <FileInfo>
        <Attr Name="ImportPath" Val="D:/Downloads/LUT.raw"/>
        <Attr Name="ImportTime" Val="1739291574"/>
      </FileInfo>
    </File>
    <File Path="$PSRCDIR/sources_1/imports/Downloads/indexMap.coe">
      <FileInfo>
        <Attr Name="ImportPath" Val="D:/Downloads/indexMap.coe"/>
        <Attr Name="ImportTime" Val="1739303933"/>
        <Attr Name="UsedIn" Val="synthesis"/>
        <Attr Name="UsedIn" Val="simulation"/>
      </FileInfo>
    </File>
    <File Path="$PSRCDIR/sources_1/imports/Downloads/indexMapping.m">
      <FileInfo>
        <Attr Name="ImportPath" Val="D:/Downloads/indexMapping.m"/>
        <Attr Name="ImportTime" Val="1739303937"/>
      </FileInfo>
    </File>
    <File Path="$PSRCDIR/sources_1/imports/Downloads/indexMapV.coe">
      <FileInfo>
        <Attr Name="ImportPath" Val="D:/Downloads/indexMapV.coe"/>
        <Attr Name="ImportTime" Val="1739303940"/>
        <Attr Name="UsedIn" Val="synthesis"/>
        <Attr Name="UsedIn" Val="simulation"/>
      </FileInfo>
    </File>
    <Config>
      <Option Name="DesignMode" Val="RTL"/>
      <Option Name="TopModule" Val="SLI_CAM"/>
    </Config>
  </FileSet>
  <FileSet Name="constrs_in" Type="Constrs" RelSrcDir="$PSRCDIR/constrs_1" RelGenDir="$PGENDIR/constrs_1">
    <Filter Type="Constrs"/>
    <File Path="$PSRCDIR/constrs_1/imports/New folder/Rev3.xdc">
      <FileInfo>
        <Attr Name="ImportPath" Val="D:/Pictures/New folder/Rev3.xdc"/>
        <Attr Name="ImportTime" Val="1735845788"/>
        <Attr Name="UsedIn" Val="synthesis"/>
        <Attr Name="UsedIn" Val="implementation"/>
      </FileInfo>
    </File>
    <Config>
      <Option Name="ConstrsType" Val="XDC"/>
    </Config>
  </FileSet>
  <FileSet Name="utils" Type="Utils" RelSrcDir="$PSRCDIR/utils_1" RelGenDir="$PGENDIR/utils_1">
    <Filter Type="Utils"/>
    <File Path="$PSRCDIR/utils_1/imports/synth_1/hdmi_sd.dcp">
      <FileInfo>
        <Attr Name="UsedIn" Val="synthesis"/>
        <Attr Name="UsedIn" Val="implementation"/>
        <Attr Name="UsedInSteps" Val="synth_1"/>
        <Attr Name="AutoDcp" Val="1"/>
      </FileInfo>
    </File>
    <Config>
      <Option Name="TopAutoSet" Val="TRUE"/>
    </Config>
  </FileSet>
  <Strategy Version="1" Minor="2">
    <StratHandle Name="Vivado Implementation Defaults" Flow="Vivado Implementation 2024"/>
    <Step Id="init_design"/>
    <Step Id="opt_design"/>
    <Step Id="power_opt_design"/>
    <Step Id="place_design"/>
    <Step Id="post_place_power_opt_design"/>
    <Step Id="phys_opt_design"/>
    <Step Id="route_design"/>
    <Step Id="post_route_phys_opt_design"/>
    <Step Id="write_bitstream">
      <Option Id="BinFile">1</Option>
    </Step>
    <Step Id="write_device_image"/>
  </Strategy>
  <BlockFileSet Type="BlockSrcs" Name="ref_clk"/>
  <BlockFileSet Type="BlockSrcs" Name="indexMapV"/>
</GenRun>
